nodeName,packetNumber,temperature,brightness,humidity,onBoardTemp,sent,received
3,3,20,251,48,22,706627140296,706627139752
2,1,21,576,42,22,706627140391,706627140846
\\x82\\x0c\\x8ep\\x8c\\x1c\\x82\\x0c\\,706627141602
2,2,21,575,42,22,706627141698,706627141948
\\x8e\\x0crp\\x8c\\x1c\\x80\\x0c\\x1c\\x92\\x8c\\x1cp\\x0c\\x8e\\xe0\\x0c\\x1c\\x8c\\xfc,706627143115,706627142886
2,3,21,592,42,22,706627143206,706627143658
\\x8e\\x0c\\x8ep\\x8c\\x1c\\x82\\x0c\\x1c\\x9e\\x8c\\x1cp\\x0c\\x8e\\xe2\\x0c\\\xd0#\xe55\x11\x07\xa9fg\x9*\x03\x83~\xe\x2\x0\xe7\xef/s\xe2\xe\xd4uA\x1,706627144811
3,7,20,374,49,22,706627146334,706627145939
2,5,20,448,42,22,706627146121,706627146575
\\x82\\x0c\\x8ep\\x8c\\x1c\\x82\\x0c\\x8e\\x8e\\x0c\\x8ep\\x0c\\x8e\\x8e\\x0c\\x1c\\x8c\\xfc,706627146762,706627147177
1,8,21,632,43,22,706627148369,706627148383
1,9,21,494,43,22,706627149477,706627149702
1,10,22,495,43,22,706627151058,706627150656
2,8,21,454,42,22,706627151346,706627151667
1,11,21,492,43,22,706627152192,706627152423
2,9,21,454,42,22,706627152953,706627153408
1,12,22,632,43,22,706627153901,706627154130
3,14,20,382,49,22,706627155388,706627154989
2,11,21,584,42,22,706627156069,706627156526
1,14,21,629,43,22,706627156916,706627157148
2,12,21,451,42,22,706627157377,706627157828
2,13,22,590,42,22,706627158584,706627159044
1,16,23,632,43,22,706627160518,706627160121
2,14,21,458,42,22,706627160092,706627160545
3,19,20,387,42,22,706627161299,706627161759
2,16,21,590,42,22,706627162306,706627162761
2,17,21,592,42,22,706627163314,706627163765
3,21,21,264,48,22,706627165242,706627164840
2,18,20,594,42,22,706627164821,706627165272
3,22,20,264,48,22,706627166849,706627166452
2,19,21,594,42,22,706627166629,706627167086
3,23,20,263,48,22,706627168558,706627168159
1,21,22,638,43,22,706627168378,706627168610
3,24,20,261,48,22,706627169665,706627169264
2,21,22,462,42,22,706627169245,706627169698
3,25,19,263,48,22,706627170973,706627170573
2,22,21,598,42,22,706627170853,706627171305
3,26,20,262,48,22,706627172481,706627171895
3,27,20,262,42,22,706627172761,706627173218
3,28,20,389,48,22,706627174\x8\xf9\xf5,706627174493
1,25,22,636,43,22,706627174817,706627175042
3,30,20,387,48,22,706627177010,706627176610
2,26,21,601,42,22,706627176584,706627177038
3,31,20,264,48,22,706627178017,706627177619
2,27,21,467,42,22,706627177691,706627178144
1,27,21,641,43,22,706627178434,706627178663
3,32,21,390,48,22,706627179825,706627179424
2,28,21,468,42,22,706627179499,706627179951
\xac\x6\x87l3*2?\x96\n\xa5;QBc*\x8a\x9c\xe\xa1q\x12\x7\x00;gd\x87p\x82\xc0&L\x8e,706627180631
3,29,23,602,42,22,706627181508,706627181960
2,30,22,475,42,22,706627182515,706627182968
1,30,22,508,43,22,706627183557,706627183784
2,31,22,608,42,22,706627183922,706627184377
\1,31,22,507,43\xac8\xe\xa5`u\x04\xc4\xa0..~\x0$k\x0\x9f7,706627185397
3,36,20,272,48,22,706627186457,706627186056
2,33,20,608,42,22,706627186037,706627186489
3,37,20,270,48,22,706627187664,706627187263
1,33,21,507,43,22,706627187480,706627187706
2,34,21,474,42,22,706627187745,706627188197
3,38,20,274,48,22,706627189072,706627188675
2,35,22,608,42,22,706627188952,706627189408
3,39,21,411,48,22,706627190278,706627189874
2,36,22,612,42,22,706627190460,706627190914
1,36,21,510,43,22,706627192504,706627192523
1,37,20,505,43,22,706627193511,706627193736
2,38,21,474,42,22,706627193876,706627194329
1,38,21,643,43,22,706627195421,706627195650
1,39,21,647,43,22,706627196528,706627196756
2,40,22,607,42,22,706627197192,706627197650
2,41,21,475,42,22,706627198800,706627199250
3,45,21,272,48,22,706627200126,706627199726
2,42,21,470,42,22,706627199909,706627200363
3,46,20,277,48,22,706627201234,706627200829
2,43,21,607,42,22,706627201015,706627201468
3,47,21,396,48,22,706627202841,706627202438
1,43,22,647,43,:\x2\xd0w4%$\x14C\x91\xcc\xf8\x95\xf0\n5,706627202886
2,45,22,475,42,22,706627203630,706627204085
3,49,20,398,48,22,706627205557,706627205160
1,45,21,650,43,22\xd0w\x1d\x7\xad\xa6\xffg\xd7\x90r\x5\xe1\x89\xe8,706627206003
3,51,21,395,48,22,706627207\x5\x9\xf,706627207174
3,52,20,400,43,22,706627207684,706627207910
2,48,21,611,42,22,706627208754,706627209203
3,53,21,400,48,22,706627210586,706627210187
1,49,21,650,43,22,706627211794,706627211391
2,50,21,478,42,22,706627212069,706627212519
1,50,21,514,43,22,706627212714,706627212944
3,55,20,280,48,22,706627213802,706627213399
2,51,20,748,42,22,706627213477,706627213931
1,51,21,514,43,22,706627214221,706627214447
3,56,20,404,48,22,706627215311,706627214910
2,52,22,617,42,22,706627215285,706627215736
3,57,21,404,48,22,706627216717,706627216315
2,53,22,621,42,22,706627216593,706627217048
1,53,21,789,43,22,706627217437,706627217666
3,58,20,284,48,22,706627218625,706627218224
2,54,22,482,42,22,706627218200,706627218653
1,54,21,518,43,22,706627219445,706627219669
2,55,22,483,42,22,706627219808,706627220259
1,55,22,517,43,22,706627220653,706627220879
1,56,21,518,43\x0c\xf6\xdc/\xae\xaf{$\xf6\x7f\xf3\xd6v\x05\x94&=\x06,706627222896
2,58,21,488,42,22,706627223630,706627224082
1,57,22,518,43,22,706627224169,706627224393
2,59,20,625,42,22,706627224838,706627225292
3,63,20,289,48,22,7066272268\xe\x5,706627226468
3,64,21,287,48,22,706627228073,706627227669
1,60,20,518,42,22,706627227891,706627228122
3,65,20,292,48,22,706627229780,706627229211
1,61,21,656,42,22,706627229799,706627230024
2,63,22,490,42,22,706627230569,706627231020
2,64,21,631,42,22,706627231195,706627231797
2,65,21,498,42,22,706627232583,706627232840
3,68,21,418,48,22,706627233903,706627233499
1,64,21,662,43,22,706627233922,706627234153
2,66,21,634,42,22,706627233991,706627234444
1,65,21,662,42,22\xadl7Tz\xd\x3\x16\x21\x14\x18\xf7A,706627236154
3,70,20,301,48,22,706627237020,706627236619
1,66,22,525,42,22,706627237338,706627237563
3,71,20,438,48,22,706627238426,706627238023
\xe2\xfe\xc5>x\xe1\x3\xc7sq\xf2\x9d\x1f\x0f\xa8{.\x1\x15\xad0\x08;a\xa0\x03\xf\x11,\xd7\x9c\xfe\xdc\x16\x18,706627239228
2,70,23,642,41,22,706627239821,706627240270
2,71,22,641,42,22,706627241029,706627241479
1,69,21,664,42,22,706627242262,706627242485
2,73,21,644,41,22,706627243857,706627243458
1,70,22,667,42,22,706627243870,706627244095
3,76,20,302,48,22,706627245064,706627244661
2,74,21,511,41,22,706627244751,706627245206
1,71,22,530,42,22,706627245277,706627245506
2,75,21,511,41,22,706627246259,706627246709
1,72,22,530,42,22,706627247186,706627247409
2,76,21,510,41,22,706627247866,706627248317
3,79,20,429,48,22,706627249688,706627249285
1,74,21,669,42,22,706627249701,706627249931
3,80,21,303,48,22,706627250995,706627250591
1,75,21,530,42,22,706627251308,706627251533
2,78,22,511,41,22,706627251683,706627252133
1,76,22,827,42,22,706627252416,706627252641
1,77,21,534,42,22,706627253923,706627254146
2,80,22,510,41,22,706627254798,706627255249
2,81,21,516,41,22,706627256606,706627257055
3,84,20,429,48,22,706627257927,706627257521
2,82,21,514,41,22,706627258114,706627258563
2,83,21,516,41,22,706627259121,706627259436
1,81,21,535,42,22,7\x80\x01+\x02\x00QB\x03\xf6y\xf9,706627260481
3,86,20,310,48,22,706627261343,706627260940
3,87,20,311,48,22,706627262350,706627261790
3,88,20,434,48,22,706627263558,706627263152
2,86,22,795,41,22,706627263144,706627263595
\xd2[h\xaa\x99P\x16\x02;,312,48,22,70662\x7\x22=366,706627264963
2,88,21,657,41,22,706627265959,706627266214
3,90,20,438,47,22,706627267374,706627266974
1,86,22,536,42,22,706627267394,706627267421
\xaf3$9q\xa8\xac\r/c1\xa2+\xcL\x91r\x02w\x94\xfe\xa5&\xe0<\x0\xad\x0za8|&,706627268979
2,90,21,657,41,22,706627268975,706627269430
3,9i\xa30\xac\x1f\nc;,48,22,706627270890,706627270483
2,91,22,657,41,22,706627270883,706627271331
1,89,22,858,42,22,706627271818,706627272047
2,92,21,658,41,22,706627272290,706627272746
2,93,22,522,41,22,706627274206,706627273801
1,91,21,676,42,22,706627274632,706627274858
2\x85:\x806Z\x044\xa5\xc0\x95\x9\n\t\xe8M\\d\xf7\xe4\xa9f!\xff\x2\t\xde(\x86ve\x91l\xa3U,706627275412
1,92,21,676,42,22,706627275839,706627276064
2,95,21,655,41,22,706627276813,706627277118
2,96,21,520,41,22,706627277821,706627278273
1,94,21,676,42,22,706627278755,706627278825
2,97,22,652,41,22,706627279228,706627279678
1,95,22,676,42,22,706627280463,706627280689
2,98,22,517,41,22,706627280536,706627280985
3,99,20,310,47,22,706627281945,706627281540
2,99,22,650,41,22,706627281643,706627282093
3,100,20,432,48,22,706627283653,706627283255
3,101,20,310,47,22,706627284660,706627284103
1,98,22,534,42,22,706627284686,706627284909
2,101,21,511,41,22,706627285659,706627286110
3,103,20,309,47,22,706627287175,706627286775
2,102,22,511,41,22,706627286767,706627287217
1,101,21,537,42,22,706627288009,706627288231
1,102,21,675,42,22,706627289416,706627289645
2,104,20,509,41,22,706627289983,706627290432
3,106,20,308,47,22,706627291398,706627290995
2,105,21,510,41,22,706627291090,706627291542
3,107,21,429,47,22,706627292705,706627292304
2,106,21,648,41,22,706627292598,706627292855
3,108,20,429,47,22,706627293913,706627293507
1,105,21,676,42,22GD\xa1\xa9\x05\x16F\xe1;\xaa%svE\xc1,706627293964
3,109,20,308,47,22,706627295220,706627294815
2,108,21,509,41,22,706627294912,706627295362
1,106,22,538,42,22,706627295647,706627295869
2,109,21,510,41,22,706627296120,706627296427
1,107,21,672,42,22,706627297455,706627297677
2,110,21,511,41,22,706627297928,706627298376
1,108,21,537,42,22,706627299063,706627299290
2,111,22,511,41,22,706627299636,706627300090
1,109,22,538,42,22,706627300671,706627300897
2,112,21,511,41,22,706627301644,706627302095
3,114,21,430,47,22,706627302960,706627302557
3,115,20,430,47,22,706627304067,706627303665
3,116,20,428,47,22,706627305074,706627304511
1,112,21,538,41,22\xe7\xe0m(\x0f0\xdco\x146T&\x2\xf7y\xc4,706627306023
3,117,19,314,47,22,706627306982,706627306577
2,116,22,651,41,22,706627307475,706627307926
\xa2\x84\x6\xe0\xa3^L\x9d)\x12LG\x94a<t\x8e/\x92\xd17=\xd7\xce\x06y\xe5\xc2pJ\x8\x81\xe5J\\\xdc,706627309492
1,115,21,680,41,22\xa4\x0\xa7\x943\xc20\x97\x90\xc7o\xa\re,706627310846
2,119,21,516,41,22,706627311798,706627312108
2,120,21,655,41,22,706627313105,706627313358
3,122,20,431,47,22,706627314220,706627313818
1,118,20,681,41,23,706627314640,706627314862
3,123,20,309,47,22,706627316027,706627315622
1,119,21,680,41,22,706627316048,706627316275
3,124,21,434,47,22,706627317235,706627316830
2,123,22,656,41,22,706627317128,706627317575
1,121,20,682,41,22\xa7h,\xa8w\xa\xe9\x9?vev\xd\x7f\x1\\,706627319087
3,126,21,311,47,22,706627319950,706627319549
1,122,21,681,41,22,706627320071,706627320294
2,125,21,657,41,22,706627320143,706627320591
1,123,21,683,41,22,706627321479,706627321705
3,128,21,312,47,22,706627322765,706627322362
1,124,20,543,41,22,706627323487,706627323710
1,125,21,545,41,22,706627324594,706627324817
3,130,20,455,47,22,706627325680,706627325279
2,128,22,664,41,22,706627325667,706627326117
3,131,21,436,47,22,706627327488,706627327083
1,127,21,545,41,22,706627327610,706627327838
3,132,20,315,41,22,706627328182,706627328630
2,131,21,664,41,22,706627329190,706627329640
3,133,21,317,47,22,706627330904,706627330503
1,129,20,688,41,23g\xe1`\xa3\x95\x00\x8c\tQ\x05\x03&c\xdag,706627331149
3,134,20,437,47,22,706627332212,706627331804
2,133,21,529,41,22,706627332205,706627332659
1,130,20,685,41,22,706627332934,706627333162
2,134,21,531,41,22,706627333312,706627333759
1,131,21,547,41,23,706627334241,706627334465
2,135,20,670,41,22,706627334620,706627334922
1,132,22,688,41,23,706627335449,706627335672
3,137,20,320,47,22,706627336635,706627336233
2,136,21,672,41,22,706627336328,706627336776
1,133,21,688,41,23,706627337057,706627337280
2,137,21,674,41,22,706627338035,706627338489
2,138,22,538,41,22,706627339343,706627339789
\xe2\x8d\x13,\xe1\x82~B20,=T\x10,4\xa7,\x0\xfGKf386\x6:\x7\xf48858,706627340452
2,139,21,545,41,22,706627341051,706627341499
3,141,20,328,47,22,706627342365,706627341964
2,140,21,688,41,22,706627342058,706627342505
3,142,21,327,47,22,706627343873,706627343465
2,141,22,694,41,22,706627343666,706627344119
1,138,20,555,41,23,706627344795,706627344874
2,142,21,558,41,22,706627345273,706627345722
1,139,22,696,41,23,706627346003,706627346227
2,143,21,558,41,22,706627346381,706627346687
3,145,21,332,47,22,706627348196,706627347789
2,144,21,564,40,22,706627347788,706627348235
3,146,21,461,47,22,706627349018,706627349247
2,145,21,567,40,22,706627349496,706627349946
1,142,21,558,41,23,706627350226,706627350448
3,147,21,338,47,22,706627351712,706627351152
1,144,22,702,41,23\xa7\xa8\xa5\xe0706627353120,706627352718
2,148,21,563,40,22,706627354120,706627354571
3,150,20,478,47,22,706627355935,706627355528
1,146,22,700,41,23,706627355856,706627356078
2,149,21,561,40,22,706627356128,706627356574
3,151,21,337,47,22,706627357444,706627357039
1,147,21,562,41,23,706627357364,706627357587
2,150,21,701,40,22,706627358136,706627358584
1,148,21,562,41,23,706627359172,706627359396
1,149,22,701,41,23;\x07j\xe8\x03\x0\x1f\x93\xef\xcc[\x17d\x11s,706627360552
3,\x1X4]a4)\x0456,47u77\xf,\xe1$\xa6\xe0\xf07\x92\xe<FS\xd5\x96m,706627361859
3,155,20,336,47,22,706627363274,706627362872
2,153,22,702,40,22,706627363260,706627363516
1,152,21,701,41,23,706627364602,706627364823
2,154,21,925,40,22,706627365268,706627365721
1,153,21,701,41,23,706627366110,706627366337
2,155,21,563,40,22,706627366876,706627367324
1,154,21,697,41,23,706627367818,706627368039
3,159,21,465,47,22,70662736y\xd<t,706627369104
1,155,21,700,41,23,706627369625,706627369847
2,157,21,707,40,22,706627369991,706627370442
3,160,21,341,47,22,706627371412,706627371008
2,158,21,709,40,22,706627371399,706627371845
3,161,20,340,47,22,706627373321,706627372914
2,159,21,571,40,22,706627373007,706627373454
1,158,21,702,41,23,706627374249,706627374326
2,160,21,710,40,22,706627374515,706627374961
3,163,21,341,47,22,706627376636,706627376086
1,160,21,568,41,23,706627376864,706627376870
3,164,21,345,47,22,706627378344,706627377935
2,162,22,577,40,22,706627378331,706627378776
3,165,20,348,47,22,706627379652,706627379250
2,163,21,723,40,22,706627379738,706627380184
1,162,20,570,41,23,706627380480,706627380701
2,164,21,725,40,22,706627381560,706627381153
1,163,21,571,41,23,706627382188,706627382414
2,165,22,584,40,22,706627382754,706627383199
1,164,21,710,41,23,706627383896,706627384118
2,166,21,588,40,22,706627384562,706627385012
1,165,21,712,41,23,706627385404,706627385624
3,169,20,354,46,22,706627386684,706627386275
2,167,21,590,40,22,706627386270,706627386721
1,166,20,574,41,23,706627387212,706627387437
3,171,19,365,46,22,706627388999,706627388590
1,167,21,720,40,23,706627389220,706627389237
\xe2\x3,\x817\x9\x0f21,\x1495,46&\x128$,706627391007,706627390602
3,173,21,492,46,22,706627392314,706627391756
2,171,21,615,40,22,706627392201,706627392652
1,170,21,720,40,23,706627393243,706627393470
2,172,21,755,40,22,706627393508,706627393955
1,171,22,717,40,23,706627395151,706627395163
3,175,19,492,46,22,706627396031,706627395628
2,174,21,744,40,23,706627396525,706627396975
3,176,21,488,46,23,706627397839,706627397285
2,175,21,741,40,23,706627398132,706627398578
3,177,20,482,46,23,706627399647,706627399239
2,176,21,736,40,23,706627400040,706627400484
3,179,21,357,46,23,706627402162,706627401756
1,175,21,575,40,23,706627402283,706627402505
2,178,21,732,40,22,706627402755,706627403204
3,180,20,484,46,23,706627404070,706627403663
1,176,21,575,40,23,706627404091,706627404313
2,179,21,735,40,23,706627404162,706627404609
1,177,21,577,40,23,706627405699,706627405920
3,182,20,361,46,233,706627406171,706627406627
1,178,21,576,40,23,706627407006,706627407228
2\xe5\xf5\xc86\xa9\xc2\xa5\xfc\x94mh\x9f\x8d\xff\x9cH\xa9F\x9Kr\x94\xa4\xe84\xc43\x80\xd`qf\x81,706627408488
1,179,22,721,40,23,706627408815,706627409041
3,184,20,363,46,23,706627409901,706627409492
2,182,22,601,40,23,706627409586,706627410033
1,180,21,577,40,23,706627410122,706627410343
2,183,22,602,40,23,706627411194,706627411504
1,181,22,721,40,23,706627412130,706627412350
1,182,21,723,40,23,706627413438,706627413666
2,185,20,755,40,23,706627413709,706627414160
1,183,22,588,40,23,706627414545,706627414771
3,188,20,375,46,23,706627415731,706627415318
1,184,22,590,40,23,706627416353,706627416578
2,187,22,775,40,23,706627416624,706627417073
2,188,22,782,40,23,706627417932,706627418238
2,189,21,644,40,23,706627419039,706627419490
3,191,20,395,46,23,706627420655,706627420245
2,190,21,655,40,23,706627420747,706627421191
1,188,22,742,40,23,706627422485,706627422704
1,189,20,605,40,23,706627423492,706627423711
3,194,20,411,46,23,706627424577,706627424168
2,192,21,866,40,23,706627424263,706627424714
1,190,21,754,40,23,706627425400,706627425479
3,196,21,450,46,23,706627427092,706627426684
1,191,21,757,40,23,706627426907,706627427128
3,197,21,428,46,23,706627428101,706627427693
2,194,21,697,40,23,706627428079,706627428525
3,198,19,428,46,23,706627430008,706627429599
2,195,21,911,40,23,706627429887,706627430151
3,199,20,450,46,23,706627431215,706627430809
2,196,21,900,40,23,706627431295,706627431741
3,200,19,422,46,23,706627433123,706627432713
2,197,21,891,40,23,706627432703,706627433149
3,201,20,451,40,23,706627433539,706627433758
2,198,21,680,40,23,706627433810,706627434256
1,196,21,608,40,23,706627434846,706627435071
3,202,21,442,46,23,706627436339,706627435932
1,197,21,605,40,23,706627436454,706627436677
1,198,21,749,40,23,706627437862,706627438082
2,201,20,677,40,23,706627438133,706627438576
1,199,21,751,40,23,706627438869,706627439090
3,205,21,448,46,23,706627440362,706627439953
3,206,20,431,46,23,706627441969,706627441561
2,203,21,700,40,23,706627441549,706627441995
3,207,21,435,46,23,706627443277,706627442868
2,204,21,958,39,23,706627443157,706627443603
3,208,21,447,46,23\x93\x0eK\xfd\x7W\xc35\xcf\xf\x9e\xfe\x92\x89\n\xd1\xc6,706627444630
3,209,20,476,46,23,706627446292,706627445881
1,206,21,777,40,23W&.H\x1r\x0c\x8cY\x7f\xd4\x10\x9{\x87l,706627449243
\xaf3\xd06\x98n,;\x12LvQXG\x17\x9\x10\x2l\xe7\x11l\x70\xa7sc\x98[\xf9\x12z\xd3\x15,706627450409
2,209,21,994,39,23,706627450595,706627451042
1,208,21,767,40,23,706627451938,706627452162
2,210,21,705,39,23,706627452603,706627453048
3,214,20,455,46,23,706627454632,706627454223
1,211,20,524,40,23,706627455760,706627455980
3,216,20,443,46,23,706627457647,706627457071
2,213,20,855,39,23,706627458027,706627458470
3,217,20,418,46,23,706627459555,706627459147
2,215,22,671,39,23,706627460042,706627460354
$\x2,212,21,863\xac39,23,706624461449,706627461894
3,219,20,415,46,23,706627462771,706627462361
2,217,21,1205,39,23,706627462456,706627462916
3,220,20,443,46,23,706627464178,706627463768
2,218,20,888,39,23,706627464264,706627464707
3,221,20,430,46,23,706627466086,706627465678
2,219,20,758,40,23,706627465914,706627466135
3,222,20,432,46,23,706627467394,706627466987
2,219,21,622,40,23,706627467621,706627467842
1,220,22,623,40,23,706627468829,706627469053
2,221,20,702,39,23,706627469688,706627470132
1,221,22,765,40,23,706627470737,706627470957
3,225,20,404,39,23,736627471396,706627471843
1,222,21,769,39,23,706627472245,706627472465
$2,227,21,7\x014,39,23,736627472704,706627473154
3,226,20,447,46,23,706627474025,706627473614
2,224,20,718,39,23,706627473711,706627474161
3,227,21,477,46,23,706627475032,706627474623
2,225,21,1336,39,23,706627475119,706627475380
2,226,21,729,39,23,706627477042,706627476636
1,225,22,774,39,23,706627477068,706627477288
\xd2\x0\x7\xe0\x17\xc\xef\x2i$\x4\x87\xc3\xd3AU\x9av\xf8\xf6\xe9\x01706627478076,706627478295
1,227,21,780,40,23,706627479183,706627479405
2,228,21,1002,39,23,706627479842,706627480295
1,228,21,635,40,23,706627480891,706627481110
2,229,21,988,39,23,706627481150,706627481600
1,229,21,769,40,23,706627481998,706627482218
2,230,21,972,39,23,706627483472,706627483067
1,230,20,625,40,23,706627483906,706627484124
1,231,22,768,39,23,706627484914,706627485140
1,232,22,764,39,23,706627486621,706627486840
2,233,22,703,39,23,706627486880,706627487323
2,234,22,703,39,23,706627487887,706627488148
3,236,20,441,46,23,706627489202,706627488791
2,235,21,938,39,23,706627489096,706627489543
3,238,19,461,49,23,706627490202,706627490650
1,235,22,765,39,23,706627491345,706627491567
3,239,21,462,46,23,706627492524,706627492115
2,237,23,697,39,23,706627492110,706627492555
1,236,21,621,39,23,706627492952,706627493170
3,240,20,438,45,23,706627494232,706627493825
2,238,22,938,39,23,706627494018,706627494460
2,239,20,944,39,23,706627495025,706627495473
1,238,21,631,3y\x8cPw\xe7\x82\xea*}\x9\xa5/f\xdcEJ\xc7\x9c\x02,706627496590
3,242,20,447,45,23,706627497748,706627497337
2,241,20,950,39,23,706627497740,706627497995
1,240,22,770,39,23,706627498983,706627499201
2,242,20,966,39,23,706627499548,706627499992
1,241,21,771,39,23,706627500091,706627500309
2,243,21,969,39,23,706627500556,706627501003
1,242,21,629,39,23,706627501598,706627501823
3,245,21,454,46,23,706627503172,706627502761
1,243,21,775,39,23,706627503306,706627503525
2,245,22,986,39,23,706627503671,706627504115
1,244,20,635,39,23,706627504914,706627505131
3,247,20,485,45,23,706627505987,706627505574
1,245,20,632,39,23,706627505921,706627506138
3,248,20,456,45,23,706627507094,706627506688
2,247,22,1000,39,23,706627506687,706627507146
1,246,20,781,39,23,706627507529,706627507753
3,249,r\xf8\xa2<f\x93\xec\x1\xd,23\xf7\xa1,\xa0>17737\x9503103,706627508690
1,248,21,635,39,23,706627510044,706627510261
g3,\xd2D5Kj\xa3\xdaX\xed6u\x11\xdc\xda\xd6\xe1\x9e\xa3\x0\xa9\xcc<\xa\xa4\x81g\xe5\xdf)\x03\xd3\xd6,706627512013
1,250,22,780,39,23,706627513059,706627513281
2,251,20,1005,39,23,706627513318,706627513772
3,2\x53$\x026)?02|d\x0\x9f\xf2\xc1=3\x0fw\xa0\xf2*2s\xa7u\xd3\x02v,706627514926
2,252,21,730,39,23,706627515126,706627515571
1,252,21,780,39,23,706627515874,706627516091
1,253,21,6\xed%\xe03\xe0\xd9S\xe5\x96\xc37)\x90\rP\xac1\xf4j\xd39\xa0?\xd2,706627516937
3,256,21,465,45,23,\x7x\x2\x6\x6\xd59\x5\xcnZ\\,706627518100
3,257,20,465,45,23,706627519663,706627519252
1,255,21,642,39,23,7066275199979,706627520006
3,258,19,468,45,23,706627520870,706627520461
2,256,20,1019,39,23,706627521457,706627521911
3,259,20,492,45,23,706627522878,706627522465
1,257,21,787,39,23,706627522812,706627523030
2,257,21,738,39,23,706627523465,706627523909
1,258,22,781,39,23,706627524320,706627524543
2,258,20,1013,39,23,706627524573,706627525028
3,261,20,490,45,23,706627526594,706627526023
1,259,22,1116,39,23,706627526328,706627526557
2,260,21,732,39,23,706627526887,706627527331
1,260,20,637,39,23,706627528136,706627528353
3,263,20,483,45,23,706627529710,706627529298
2,262,21,986,39,23,706627529903,706627530344
3,264,20,490,45,23,706627531318,706627530907
1,262,22,785,3\x9\xc4\x7f\x82=4\x02\xa02{\xa3\x05\x81\xc6\x6#\x17\x86,706627531470
3,265,20,487,45,23,706627532926,706627532512
2,263,22,640,39,23,706627533060,706627533278
1,264,21,780,39,23,706627534067,706627534290
3,267,19,455,45,23,706627535240,706627534827
2,265,22,977,38,23,706627534826,706627535270
1,265,21,775,39,23,706627535875,706627536093
3,268,20,476,45,23,706627537249,706627536841
1,266,21,634,39,23,706627537282,706627537503
2,267,21,717,39,23,706627538242,706627538687
3,270,19,478,\xa89,23,706627539950,706627540392
2,269,21,720,39,23,706627542572,706627542165
1,269,22,637,39,23,706627542506,706627542726
3,272,21,483,45,23,706627544080,706627543668
3,273,r\xf0\x92\xa9\x011,49,23,706627543966,706627544414
2,271,21,721,38,23,706627545074,706627545516
1,271,21,636,39,23,706627545922,706627546143
3,275,20,454,45,23,706627547302,706627546889
2,272,22,972,38,23,706627546982,706627547424
3,276,21,451,45,23,706627548709,706627548301
2,273,21,963,39,23,706627548592,706627549038
1,273,22,634,39,23,706627549138,706627549355
\x82\xae\x1,\x18{\x00.x\xf0P\xee\xccFX\xaa,\xa4h|\xd8\xe7\x85\x95\xe4\xd9&V\x88]\x14fJ\x80,706627550310
1,274,22,780,39,23,706627550545,706627550768
2,275,21,716,38,23,706627551104,706627551545
3,278,20,476,45,23,706627552526,706627551970
2,276,21,716,39,23,706627552112,706627552557
1,276,20,776,39,23,706627552860,706627553076
2,277,21,711,38,23,706627553719,706627554023
1,277,21,776,38,23,706627554868,706627555086
3,280,21,445,45,23,706627556041,706627555633
1,278,22,7\x7=$;\xc1\xc\xf\x9iaM\x02p\xd7\xc1R\x96:\xf55[\x6\xe85,706627556796
DZ\x0\x1f]T\x9f\xe6\xc2\xdf\x6!\x86\x8e\xdd%T\xd6A\x05\x3R\xa5l\x901>S\xa\x00)T\xc3\x0c\xfd,706627558247
1,279,21,632,39,23,706627558484,706627558703
3,283,21,464,45,23,706627560264,706627559691
o\x7$Ru\xa9l:U<ue&\x17\x10\xf4\xae\xce7\xa8)l,\xc0.d%4gs\xda\x0f\x17\xec\x92,706627560960
2,283,21,950,38,23,706627561664,706627562107
1,282,22,635,39,23,706627562407,706627562624
\1,283,21,783,3\x99\xa4\xdc?;\xf9fX\xa2%\x14[\xc1\xacA`\xc1K\xef,706627563731
3,286,20,452,45,23,706627565288,706627564879
1,284,21,641,38,23,706627565122,706627565337
2,286,21,725,38,23,706627566088,706627566345
3,287,20,455,45,23,706627567196,706627566784
1,286,22,784,39,23,706627567737,706627567791
2,287,21,723,38,23,706627567996,706627568435
3,289,20,480,45,23,706627569911,706627569502
2,288,20,723,38,23,706627569503,706627569944
3,290,21,485,45,23,706627571119,706627570704
2,289,22,991,39,23,706627571311,706627571758
1,289,21,789,45,23,706627573027,706627572614
2,290,21,1341,38,23,706627572619,706627573072
3,292,20,489,45,23,706627574134,706627573720
2,291,21,730,38,23,706627574027,706627574469
3,293,21,462,45,23,706627575742,706627575332
2,292,21,735,38,23,706627575334,706627575776
3,294,20,465,45,23,706627576342,706627576797
1,292,21,794,39,23,706627577283,706627577505
3,295,21,497,45,23,706627578457,706627578044
1,293,22,648,38,23,706627578591,706627578813
2,295,20,740,38,23,706627579657,706627580100
1,294,21,794,39,23,706627580198,706627580414
2,296,19,736,38,23,706627580964,706627581404
3,298,21,471,45,23,706627583180,706627582771
2,297,21,1008,38,23,706627582872,706627583329
1,297,20,650,39,23,706627584221,706627584441
2,298,20,731,38,23,706627584881,706627585324
3,300,20,463,45,23,706627586496,706627586085
2,299,21,731,38,23,706627586088,706627586529
1,299,22,790,38`\xe\x\x0fm\xc7\xfd`\x045Er\xaaj\x8\x9aUP,706627587553
3,301,21,461,45,23,706627588504,706627588093
2,301,21,1005,38,23,706627588303,706627588760
3,302,21,4V\x9fL\x149,23,74662758971q,706627589297
2,302,22,731,38,23,706627590110,706627590554
\3,\x3\x03,\x12\xdc\x104\x00,16\x0\x93\x1w\xa\x9c7}X]\xcc\x3W\x0c88g1&,706627591310
2,303,22,736,38,23,706627591718,706627592159
3,304,20,471,45,23,706627593327,706627592777
2,304,22,737,38,23,706627594335,706627593924
1,303,21,649,38,23,706627594469,706627594689
3,306,21,492,45,23,706627595642,706627595229
2,306,22,1013,38,23,706627596242,706627596494
1,305,21,652,38,24,706627597484,706627597699
3,308,20,491,45,23,706627598558,706627598144
1,306,21,649,38,24,706627599092,706627599114
3,309,21,490,45,23,706627600065,706627599650
2,309,21,997,38,23,706627599864,706627600306
2,310,21,1000,38,2,706627601773,706627601363
1,308,21,792,38,24,706627601607,706627601823
3,311,21,457,45,23,706627602880,706627602469
1,309,21,649,38,24,706627602714,706627602931
2,312,21,725,38,23,706627603286,706627603727
1,310,22,790,38,24,706627604122,706627604338
2,313,21,728,38,23,706627604394,706627604837
1,311,22,790,38,24,706627605529,706627605752
1,312,21,788,34,23,706627607405,706627606993
2,315,21,723,38,23,706627607108,706627607551
1,313,22,789,34,23,706627608411,706627608001
2,316,21,972,38,23,706627608416,706627608857
2,317,22,711,38,23,706627609523,706627609768
2,318,21,1294,38,23,70662761083,706627611080
1,316,21,640,38,24,706627611967,706627612185
2,319,21,707,38,23,706627612238,706627612677
1,317,21,642,38,24,706627613374,706627613590
2,320,22,941,38,23,706627613646,706627614087
3,319,22,4\x7x\xf1\xe3\xc6\x8cR0!(,\x70:62741gd87,706627615026
3,320,20,477,44,23,706627616950,706627616536
3,321,20,478,44,23,706627618158,706627617744
2,323,22,711,38,23,706627618069,706627618314
3,322,21,480,44,23,706627620166,706627619750
1,321,22,784,38,24,706627620106,706627620325
\3,323,q$u\x94\x8d\x06=\xfez\xa5:9\xc8\xc\xce\x83\x03\x977\xeaP#&R\x1e\xaa\xd3,706627621658
3,324,20,482,44,23,706627623381,706627622969
2,326,21,977,38,23,706627623293,706627623733
3,325,20,461,44,23,706627625189,706627624775
2,327,21,983,38,23,706627625001,706627625439
3,326,\x2\x1,\x42\xec\xa3\x0c+\x05\x00\x3\xa5\xe5z\x16\xa6E#\xc0\x80\xe2l\xd4\x1cR\xc\xe7,706627626581
1,325,20,788,38,24,706627626938,706627627157
2,329,21,787,44,23,706627628205,706627627791
2,330,21,723,38,23,706627628623,706627629061
3,328,21,464,44,23,706627630113,706627629702
2,331,21,723,38,23,706627629830,706627630270
1,327,20,648,38,24,706627630353,706627630567
3,329,21,490,44,23,706627631821,706627631409
1,328,22,790,38,24\xa7,\xa87\xf5\xe9)?\x07\x06$\xc3\xc6\xf2\x08,706627631978
1,329,22,792,38,24,706627632868,706627633088
2,333,21,731,38,23,706627633646,706627634086
3,331,20,496,44,23,706627635637,706627635225
2,334,21,735,38,23,706627635354,706627635795
3,332,20,470,44,23,706627636644,706627636099
2,335,23,1011,38,23,706627636762,706627637214
\3,333,20,4\xf72,8\x9c\xf6\xc4f,\x16C\x88U\x1f#S8`\x00r,706627638036
2,336,22,1019,38,23,706627638570,706627639020
1,334,20,655,38,24,706627640006,706627640049
2,337,22,1025,38,23,706627640478,706627640931
3,335,20,472,44,23,706627642168,706627641757
1,336,22,651,38,24,706627643322,706627643541
3,337,21,471,44,23,706627645185,706627644773
1,337,21,649,38,24,706627645130,706627645343
2,341,21,965,44,23,706627646991,706627646576
1,338,21,1133,38,24,706627646938,706627647166
1,339,22,642,38,24,706627647945,706627648161
1,340,20,644,38,24,706627649153,706627649373
3,340,\xa2vlr(*\x92\n\x02\t\x18UVxBo\xd9\x05\x9a\xa76\xda\x01\xd5S4,706627650098
2,344,21,712,38,23,706627651132,706627651376
1,342,21,638,38,24\x07l\xc1l\xe3\xdd`\x18;\x955\xf1\xef\xe\x91,706627652482
3,342,21,478,44,23,706627653623,706627653211
2,346,21,938,38,23,706627653847,706627654290
3,343,22,451,44,23,706627655331,706627654917
2,347,22,933,38,23,706627655155,706627655594
2,348,21,701,38,23,706627656162,706627656601
1,345,21,636,38,24,706627657793,706627658007
2,349,22,698,38,23,706627658170,706627658608
3,346,20,447,4\xe4\x1H~QE\xf2\xa0\xd{\xf6|!Cr]Q\xadZ,706627659839
2,351,21,697,38,23,706627660585,706627661023
1,347,22,638,38,24,706627661709,706627661922
2,352,22,925,38,23,706627661993,706627662430
1,348,22,638,38,24,706627663617,706627663830
1,349,21,778,38,24,706627664824,706627665043
2,354,21,938,38,23,706627665208,706627665651
3,351,21\xec\x05H\x04=\x0e,\x023D&M326607666893,706627666481
3,352,21,4\x96\xdde\x1l,42!,7066r#66916,706627667357
2,356,21,969,38,23,706627668123,706627668561
1,352,21,788,38,24,706627668847,706627669060
2,357,21,720,38,23,706627669231,706627669670
2,358,22,983,38,23,706627670238,706627670499
2,359,20,997,38,23,706627671245,706627671689
2,360,21,1002,38,23,706627672252,706627672512
1,355,21,792,37,24,706627673670,706627673886
3,357,21,500,44,23,706627675738,706627675322
1,356,21,649,38,24,706627675679,706627675898
3,358,21,475,4\xf4,\x2\xf3_u\r\xe41\x05\x04\xf1\xa0\xf5u<,>\x0f,706627676530
1,357,20,794,38,24,706627677286,706627677501
2,364,21,730,37,23,706627677682,706627678122
1,358,20,797,38,24,706627678394,706627678606
3,360,21,507,44,23,706627679861,706627679443
3,361,21,485,44,23,706627680968,706627680555
1,360,21,658,38,24,706627681409,706627681627
3,362,21,484,44,23,706627682776,706627682360
2,367,22,1036,38,23,706627682206,706627682660
1,361,21,798,38,24,706627683017,706627683230
3,363,21,487,44,23,706627684184,706627683774
2,368,21,744,38,23,706627684114,706627684340
\x13,364,22,514<44,23,706624685>91,706627685073
1,364,21,650,38,24,706627687540,706627687756
2,370,21,731,37,23,706627687630,706627688073
1,365,21,792,38,24,706627688948,706627689163
2,371,21,994,38,23,706627689037,706627689475
1,366,22,651,38,24,706627689955,706627690169
3,368,21,502,44,23,706627691122,706627690705
2,372,21,1016,37,23,706627690745,706627691195
3,369,22,484,44,23,706627692229,706627691680
2,373,22,1038,37,23,706627692053,706627692505
3,370,22,516,44,23,706627694237,706627693684
3,371,20,517,44,23,706627695244,706627694832
1,369,21,658,38,24,706627695279,706627695320
3,372,21,491,44,23,706627697052,706627696636
3,373,21,521,44,23,706627698360,706627697943
2,378,21,1063,38,23,706627699091,706627699540
3,375,20,396,44,23,706627701575,706627700938
3,376,22,5\x13z(8T\xc\xf5\xd9\xc#\xed\xe9\xe4\x17\\;O\x0\xef(i\x8dw\xd3,706627702568
3,377,21,532,44,23,706627704590,706627703956
2,382,21,764,37,23,706627704521,706627704964
3,378,20,405,44,23,706627705998,706627705588
1,377,21,668,37,24,706627706039,706627706254
2,383,21,767,37,23,706627706429,706627706875
1,378,21,610,44,23,706627707906,706627707491
1,379,21,1091,37,23,706627708439,706627708895
2,385,21,765,38,23,706627709444,706627709885
1,380,21,850,37,24,706627710863,706627711076
2,386,21,768,37,23,706627711452,706627711894
3,382,22,409,44,23,706627712730,706627712313
1,381,21,852,37,24,706627712773,706627712985
3,383,21,543,44,24,706627713837,706627713422
1,382,20,671,37,24,706627714679,706627714711
3,384,22,542,44,24,706627715645,706627715229
2,389,20,772,37,23,706627715475,706627715915
3,385,22,541,44,23,706627716652,706627716238
1,384,21,858,37,24,7066\xf2\x9cA\xf)\x88Yd,706627717105
3,386,22,5\xa4:\xd\xe3\x96\x8fR4$,\x70\xfe627718660,706627718242
1,386,21,671,37,24,706627719309,706627719530
2,392,21,778,37,23,706627719398,706627719836
3,388,20,550,44,23,706627722477,706627722060
1,389,21,671,37,24,706627723631,706627723670
2,395,21,1111,37,23,706627723821,706627724267
1,390,21,850,37,24,706627724839,706627725059
2,396,22,1100,37,23,706627725229,706627725677
1,391,21,668,38,24,706627726647,706627726859
2,397,21,765,37,23,706627727237,706627727673
1,392,22,403,44,23,706627728808,706627728390
2,398,21,1086,37,23,706627729245,706627729691
3,393,21,538,44,23,706627730816,706627730181
2,399,21,1086,37,23,706627730353,706627730804
3,394,22,398,44,24,706627732224,706627731812
3,395,21,529,43,24,706627733231,706627732818
2,401,22,1033,37,23,706627733167,706627733615
1,396,22,652,37,24,706627734585,706627734797
3,397,21,489,43,24,706627736246,706627735828
1,397,21,819,37,24,7066B[\x1a\xd1\xdcV\x01\xa7,706627736609
3,398,21,484,43,24,706627738254,706627737714
2,404,22,728,37,23,706627738291,706627738726
3,399,21,515,44,24,706627739862,706627739445
2,405,21,1002,37,23,706627740199,706627740646
3,400,21,489,43,24,706627741670,706627741253
1,401,22,657,37,24,706627742525,706627742735
3,401,20,496,44,24,706627743578,706627743165
1,402,22,827,37,24,706627743832,706627744047
2,408,22,747,37,23,706627744222,706627744661
3,402,20,401,43,24,706627745587,706627745174
1,403,21,844,37,24,706627745740,706627745953
3,403,21,404,43,2<\xd7\x17(a5\xc7\xca\xa1\x15;\x9fs\xda\x9\xef/,706627746276
1,404,21,668,37,24,706627746747,706627746963
\3,404,21,405,43\x0224\x13\x16\x8d@\xa314\x6\x02\x047`\x4&N,706627747680
2,411,21,760,37,23,706627748545,706627748981
3,405,21,540,43,24,706627749909,706627749490
2,412,21,761,37,23,706627750153,706627750589
3,406,22,541,44\xe6\x96\x05\xe3,\x17066\xe<\x59\x01\xa5\x0\xad,706627751100
2,413,21,1086,37,24,706627751161,706627751607
3,407,22,414,43,24,706627753425,706627752809
1,409,21,6088,37,24,706627753876,706627754326
3,408,21,545,43,24,706627755233,706627754815
2,416,21,1091,37,23,706627755283,706627755732
3,409,21,416,43,24,\xc7x\x1eVB[?\x156\xc\x1\xe5,706627756622
1,411,20,852,37,24,706627757102,706627757318
2,418,21,1450,37,24,70662775820,706627758436
1,412,20,866,37,24,706627759110,706627759321
1,413,21,852,37,24,706627760517,706627760554
3,412,22,549,43,24,706627761965,706627761549
2,420,21,764,37,24,706627761614,706627762051
1,414,21,672,37,24,706627762525,706627762740
2,421,22,765,37,24,706627762822,706627763259
1,415,21,858,37,24,706627764033,706627764247
2,422,21,762,37,24,706627764430,706627764871
1,416,21,861,37,24,706627765241,706627765452
2,423,21,1094,37,24,706627765637,706627766083
3,416,22,415,44,24,706627767295,706627766883
1,418,21,672,37,24,706627767555,706627767768
3,417,21,549,43,24,706627768703,706627768283
1,419,21,671,37,24,706627768663,706627768884
1,420,21,669,37,24,706627769970,706627770013
\3,420,21,548,43,2<\xf7!,hU0\x065\x07\xe1\x\xe%?\x96,706627772711
2,428,22,765,37,24,706627772575,706627773011
3,421,21,548,43,24,706627774134,706627773715
1,423,22,855,37,24,706627774293,706627774511
2,429,21,1088,37,24,706627774584,706627775034
1,424,21,674,37,24,706627776102,706627776313
2,430,22,764,37,24,706627776391,706627776825
1,425,20,855,37,24,706627777109,706627777319
3,424,21,421,43,24,706627778256,706627777837
3,425,21,423,43,24,706627780265,706627779847
2,433,21,1100,37,24,706627780114,706627780565
1,427,21,866,37,24,706627780925,706627781136
2,434,21,1102,37,24,706627781421,706627781870
2,435,21,768,37,24,706627782629,706627782861
1,429,21,858,37,24,70662\x770+\xd\x0\xd0,706627784150
1,430,21,866,37,24,70662778U\x04K\x0e,706627785965
3,430,21,424,43,24,706627787503,706627787087
2,438,21,1088,37,24,70662778735,706627787567
3,431,22,422,43,24@k@2066\x12g>\xd8v\xc9c,706627788491
2,439,21,1100,37,24,706627789360,706627789807
3,432,21,560,43,24,706627790818,706627790398
2,440,22,1108,37,24,706627790770,706627791220
1,434,22,875,37,24,706627791879,706627792089
3,434,20,560,43,24,706627793133,706627792714
1,435,21,872,37,24,706627792986,706627793199
2,442,20,1108,37,24,70662779398,706627794204
1,437,22,875,37,24,706627795502,706627795716
3,437,21,431,43,24,706627798057,706627797451
2,445,21,776,37,24,706627798206,706627798642
1,439,21,869,37,24,706627799017,706627799227
2,446,22,1116,37,24,706627799514,706627799963
1,440,21,877,37,24,706627800325,706627800536
2,448,21,1111,37,24,70662780182,706627802063
3,441,21,436,43,24,706627803687,706627803271
3,442,21,567,43,24,706627805495,706627805076
3,443,21,567,43,24,706627806803,706627806383
2,452,20,777,37,24,706627806759,706627807192
2,453,22,1125,37,24,706627808466,706627808915
2,454,21,1119,37,24,706627810074,706627810518
1,447,21,1219,37,24,706627810779,706627811000
2,455,21,777,37,24,706627811181,706627811616
1,449,22,677,37,24,706627813794,706627813834
3,449,20,434,43,24,706627815348,706627814928
3,450,21,437,43,24,706627816656,706627816238
1,451,21,880,37,24,706627816910,706627816959
3,451,21,434,43,24,706627818464,706627818042
1,452,21,866,37,24,70662781(\x88S\xfd,706627818734
3,452,21,705,43,24,7066\xd2Z?\x15\xc4V$\x8a,706627820054
1,455,21,680,36,24,706627822740,706627822954
2,463,21,782,37,24,706627822842,706627823277
1,456,21,682,36,24,70662782#\x88SX,706627824163
2,465,22,780,37,24,706627824957,706627825182
1,457,21,684,36,24,706627825655,706627825867
2,466,22,1127,37,24,706627825964,706627826409
1,458,22,685,36,24,706627826963,706627826989
2,467,21,784,37,24,706627827272,706627827707
3,457,21,578,43,24G&\xd\x06\x1\xf7y\xe2;7828811,706627828391
2,468,21,785,37,24,706627829180,706627829614
3,458,22,711,43*\xf4\x0\xdfM\xed7066278305\xa19,706627830106
3,459,21,447,43,24,7066\xd29p\xaP\x04K\x8e,706627831408
2,470,22,784,37,24,706627832595,706627832820
1,462,22,684,37,24,706627833294,706627833503
3,461,20,449,43,24,706627834742,706627834322
1,463,21,900,37,24,706627835002,706627835216
2,472,21,789,37,24,706627835711,706627836150
1,464,20,897,37,24,706627836510,706627836721
2,473,21,792,37,24,706627836919,706627837353
1,465,22,688,37,24,706627837717,706627837928
1,466,22,900,37,24,706627839025,706627839064
1,467,21,691,37,24,706627840733,706627840769
2,476,21,1158,37,24,706627841542,706627841991
3,466,21,455,43,24,706627843082,706627842660
2,477,21,794,37,24,706627842749,706627843182
3,467,22,588,43,24,706627844389,706627843968
1,470,22,692,37,24,70662784\xd4fri,706627844970
3,468,22,589,43,24,706627845997,706627845580
2,479,22,798,37,24,706627845665,706627846098
3,469,21,455,43,24,706627847204,706627846575
3,470,22,455,43,24,706627849212,706627848794
2,481,22,797,37,24,706627849178,706627849388
3,471,22,458,43,24,706627850620,706627850200
2,482,22,1175,37,24,706627850388,706627850832
1,475,22,690,37,24,706627851493,706627851706
2,483,20,819,37,24,706627851996,706627852432
3,473,21,463,43,24,706627853435,706627853015
2,484,20,822,37,24,706627853103,706627853539
3,474,22,597,43,24,706627854642,706627854227
2,485,21,1183,37,24,706627854411,706627854853
3,475,21,462,43,24,70662785FgW\xcc,706627855828
1,478,22,695,37,24,706627856517,706627856730
3,476,22,456,43,24,706627858058,706627857642
2,487,21,830,37,24,706627857526,706627857962
1,479,22,913,37,24,706627858425,706627858635
3,477,21,460,43,24,706627859566,706627859145
2,488,22,822,37,24,706627859534,706627859966
3,478,20,595,43,24,706627861474,706627861051
2,489,21,1186,37,24,706627861042,706627861489
3,479,22,461,43,24,706627862481,706627862062
1,482,22,694,37,24,706627862548,706627862762
2,490,22,1191,37,24,706627862850,706627863297
1,483,22,913,37,24,706627864156,706627864364
2,491,22,830,37,24,706627864558,706627864993
1,484,22,695,37,24,706627865363,706627865573
1,485,21,919,37,24,706627866470,706627866680
2,493,21,827,37,24,706627866773,706627867204
1,486,21,696,37,24,706627867678,706627867694
2,494,21,1188,37,24,706627867780,706627868224
2,495,21,1186,37,24,706627868887,706627869194
1,488,22,695,37,24,706627870593,706627870802
2,496,22,825,36,24,706627870695,706627871129
2,497,22,1177,36,24,706627871703,706627872146
1,489,21,694,37,24,706627872401,706627872615
2,498,22,830,36,24,706627873210,706627873642
1,490,22,695,37,24,706627874109,706627874317
3,488,22,600,43,24,706627876351,706627875936
1,492,21,695,37,24,706627876724,706627876933
3,489,21,596,43,24,706627877859,706627877266
1,493,21,913,37,24,706627878031,706627878247
1,494,20,695,37,24,706627879138,706627879351
1,495,22,913,37,24,706627880446,706627880654
1,496,22,698,37,24,7066258:!\xe\xdf\xfc,706627882163
1,497,21,695,37,24,706627883161,706627883370
3,493,22,597,43,24,706627884291,706627883873
1,498,22,698,37,24,706627884268,706627884483
3,494,22,598,43,24,706627885397,706627884811
1,499,22,700,37,24,706627885375,706627885585
1,500,21,922,37,24,706627886483,706627886516
3,496,21,598,43,24,706627888613,706627888191
2,507,21,830,36,24,706627888081,706627888513
3,497,22,463,43,24,706627890120,706627889521
2,509,20,1183,36,24,706627890296,706627890744
3,498,21,465,43,24,706627891728,706627891306
3,499,21,463,43,24,706627893236,706627892647
3,500,21,467,43,24,706627894944,706627894344
2,512,21,1191,37,24,706627895219,706627895665
3,502,21,602,43,24,7066r;0=\xc7\x06\xa,706627897543
3,503,22,464,43,24,706627899367,706627898770
3,504,21,467,43,24,706627901075,706627900475
2,516,21,1191,37,24,706627901250,706627901699
3,505,21,468,43,24,706627902983,706627902561
2,517,22,833,36,24,706627902557,706627902991
3,506,21,465,43,24,706627904190,706627903766
2,518,21,838,36,24,706627904365,706627904797
3,507,21,465,43,24,706627905898,706627905481
2,519,21,833,36,24,706627905973,706627906405
3,508,21,463,43,24,706627907706,706627907284
2,520,22,838,36,24,706627907481,706627907918
3,509,21,601,43,24,706627909414,706627908991
2,521,22,1194,36,24,706627909189,706627909633
3,510,21,467,43,24,70662791\x1\xda\x19w,706627910808
3,511,20,600,43,24,706627912530,706627912110
2,523,21,830,36,24,706627912404,706627912841
3,512,22,598,43,24,706627914237,706627913816
2,524,21,1191,36,24,706627914012,706627914453
3,513,21,463,43,24,706627916045,706627915621
2,525,21,1191,36,24,706627915620,706627916063
3,514,22,464,43,24,706627917153,706627916735
2,526,22,935,36,24,706627917229,706627917665
2,527,21,836,36,24,706627918435,706627918867
3,516,22,467,43,24,706627920368,706627919945
2,528,21,1191,36,24,706627920344,706627920787
3,517,21,467,43,24,706627921976,706627921557
3,518,21,463,43,24,706627923384,706627922785
3,519,21,600,43,24,7066\x2?92T\x04K\x0e,706627924171
2,531,21,830,36,24,706627925999,706627925573
3,521,21,6197,36,24,706627926675,706627927118
3,522,21,601,43,24,706627929414,706627928830
2,534,21,1188,36,24,706627929490,706627929932
3,523,22,730,43,24,706627931323,706627930900
2,535,22,830,36,24,706627931398,706627931830
3,524,22,602,43,24,706627932830,706627932409
2,536,21,1177,36,24,706627932906,706627933346
2,537,21,1186,36,24,706627934213,706627934660
2,538,21,836,36,24,706627935320,706627935750
3,527,21,468,43,24,706627937053,706627936633
2,539,21,1194,36,24,706627936528,706627936973
2,541,22,1183,36,24,70627940269,706627939845
2,542,21,1191,36,24,706627941551,706627941853
3,531,22,601,42,24,706627943684,706627943265
3,532,22,465,42,24,706627944\x\x9f\xdc,706627944373
2,545,21,1202,36,24,706627945474,706627945921
2,546,20,833,36,24,706627946481,706627946911
3,534,21,607,43,24,706627948107,706627947684
2,547,22,1183,36,24,706627947889,706627948332
3,535,21,604,43,24,706627950116,706627949695
2,548,21,1183,36,24,706627949897,706627950339
\xf2\xe4\x9f\xe4\x2y\xc3\x199e\xc0\xd7\xed\xf6C&O!Vc\xda\x18\xa9xR\x8apM\x9d\xe5\x03d\x80\x8e\xf2,,706627951404
3,537,21,601,43,24,706627952831,706627952408
2,550,21,827,36,24,706627952912,706627953345
3,540,21,465,43,24,706627956854,706627956430
2,553,21,1180,36,24,706627957335,706627957775
3,541,22,469,43,24,706627958762,706627958338
3,543,21,601,42,24,706627961477,706627961053
2,555,20,841,36,24,706627961252,706627961686
2,556,22,1541,36,24,706627962359,706627962799
3,545,21,465,43,24,706627964492,706627964068
2,557,21,825,36,24,706627963967,706627964400
3,546,21,600,42,24,706627966500,706627965906
3,547,21,433,36,24,706627966782,706627967217
3,548,21,467,42,24,706627968915,706627968490
2,563,21,1188,36,24,706627971912,706627972355
2,564,21,838,36,24,706627973019,706627973455
3,552,22,469,42,24,706627974545,706627974121
3,553,21,467,42,24,706627976053,706627975630
2,566,22,836,36,24,706627976435,706627976863
3,555,21,607,42,24,706627978668,706627978243
2,567,22,1194,36,24,706627978343,706627978787
3,556,21,605,42,24,706627979875,706627979453
2,568,21,836,36,24,706627979350,706627979780
3,557,21,468,42,24,706627980883,706627980458
2,570,21,1191,36,24,706627982567,706627983009
3,559,21,604,42,24,706627983998,706627983575
3,560,22,4200,36,24,706627984374,706627984815
2,572,21,1188,36,24,706627986082,706627986526
3,561,22,470,42,24,706627987415,706627986995
3,562,21,608,42,24,706627989022,706627988421
3,563,21,472,42,24,706627990029,706627989432
2,575,21,830,36,24,706627990805,706627991237
3,565,22,605,42,24,706627993246,706627992824
3,566,21,604,42,24,706627994352,706627993927
2,577,21,836,36,24,706627994021,706627994455
3,567,21,608,42,24,706627995859,706627995434
3,578,22,838,36,24,706627995729,706627996159
2,579,21,1194,36,24,706627996936,706627997379
3,569,22,607,42,24,706627998675,706627998253
2,580,21,833,36,24,706627998844,706627999276
3,570,21,472,42,24,706628000383,706627999956
2,581,20,1188,36,24,706628000552,706628000991
3,571,21,607,42,24,706628002090,706628001665
2,582,21,1188,36,24,706628002360,706628002801
3,572,21,607,42,24,706628004099,706628003678
2,583,22,822,36,24,706628004368,706628004800
3,573,21,469,42,24,706628005706,706628005280
3,575,21,475,42,24,706628008021,706628007596
3,576,21,474,42,24,706628009329,706628008907
2,586,21,827,36,24,706628009392,706628009822
3,578,21,614,42,24,706628011543,706628011118
2,587,20,1197,36,24,706628011000,706628011437
3,579,21,472,42,24,706628012751,706628012329
2,591,21,1186,36,24,706628016330,706628016771
3,582,21,475,42,24,706628017674,706628017247
2,592,21,1180,36,24,706628017837,706628018278
3,583,22,607,42,24,706628019583,706628019158
2,593,21,1166,36,24,706628019846,706628020286
3,584,20,468,42,24,706628021391,706628020968
2,594,21,1163,36,24,706628021153,706628021597
3,585,22,603,42,24,706628023099,706628022674
2,595,22,1169,36,24,706628022661,706628023100
3,586,20,469,42,24,706628024206,706628023779
3,587,22,608,42,24,706628025413,706628024986
2,597,21,819,36,24,706628025276,706628025705
2,598,22,819,36,24,706628026283,706628026713
2,599,21,1177,36,24,706628027590,706628028030
3,589,22,603,42,24,706628028929,706628028506
2,600,21,798,36,24,706628029198,706628029628
3,591,21,602,42,24,706628031744,706628031324
2,601,21,790,36,24,706628031208,706628031639
3,592,21,462,42,24,706628032852,706628032427
3,594,21,448,42,24,706628035066,706628034640
2,603,22,770,36,24,706628034822,706628035251
2,605,21,1133,36,24,706628037638,706628038084
3,597,22,464,42,24,706628040190,706628039765
3,598,22,465,42,24,706628041697,706628041272
2,607,22,1138,36,24,706628041354,706628041792
3,599,22,460,42,24,706628042905,706628042484
2,608,21,1466,36,24,706628042561,706628043004
3,600,22,591,42,24,706628044513,706628044087
2,609,20,774,36,24,706628044269,706628044695
3,602,21,460,42,24,706628046527,706628046102
2,610,21,1125,36,24,706628045979,706628046418
2,611,21,1130,36,24,706628046986,706628047425
3,604,21,597,42,24,706628048942,706628048520
3,605,21,464,42,24,706628050249,706628049821
2,613,21,783,35,24,706628049901,706628050327
3,606,21,464,42,24,706628051757,706628051331
2,614,20,782,35,24,706628051909,706628052336
3,607,21,463,42,24,706628053567,706628053144
3,608,22,598,42,24,706628055073,706628054648
2,616,20,778,35,24,706628054825,706628055252
3,609,23,594,42,24,706628056881,706628056455
3,610,21,592,42,24,706628058389,706628057964
2,620,22,768,35,24,706628060455,706628060881
2,621,22,1105,36,24,706628061763,706628062205
3,613,21,456,42,24,706628063512,706628063095
2,622,22,774,35,24,706628063771,706628064202
3,614,21,595,42,24,706628065520,706628065100
2,623,22,778,35,24,706628065479,706628065905
3,615,22,601,42,24,706628067028,706628066602
2,624,21,778,35,24,706628066886,706628067317
2,625,21,1108,35,24,706628068494,706628068930
3,617,22,458,42,24,706628070043,706628069622
2,626,21,771,35,24,706628069701,706628070131
3,619,21,454,42,24,706628073059,706628072634
2,628,22,764,36,24,706628073017,706628073444
3,620,22,588,42,24,706628074667,706628074240
2,629,21,772,35,24,706628075025,706628075457
3,621,22,597,42,24,706628076575,706628076149
2,630,21,1122,35,24,706628076433,706628076872
3,622,21,465,42,24,706628078183,706628077764
2,631,22,1127,36,24,706628077841,706628078280
3,623,22,595,42,24,706628079891,706628079463
2,632,20,776,35,24,706628079349,706628079776
3,624,21,452,42,24,70662\xd4X\xfa\xf\xea\xd3\x9,706628081272
3,625,20,447,42,24,706628083306,706628082883
2,634,21,754,35,24,706628082965,706628083396
3,626,21,577,42,24,706628084514,706628084086
2,635,21,1055,35,24,706628084773,706628085211
2,636,22,760,35,24,706628085880,706628086309
3,629,22,461,42,24,706628088636,706628088026
3,631,22,476,42,24,\xd7x\xf4\x1cRh\xe5_\xa8\x9\x96\xe5,706628091329
3,632,22,481,42,24,706628092759,706628092331
3,633,22,620,42,24,706628093866,706628093437
3,634,21,484,42,24,706628095474,706628095045
2,642,21,850,35,24,706628095327,706628095753
3,635,21,492,42,24,706628097282,706628096857
3,636,21,624,42,24,706628098389,706628097963
2,644,20,861,35,24,706628098442,706628098869
3,637,21,492,42,24,706628100397,706628099970
2,645,21,1225,35,24,706628100350,706628100786
2,646,21,1216,35,24,706628101458,706628101895
3,639,21,630,42,24,706628103413,706628102990
2,647,21,1216,35,24,706628103165,706628103605
3,640,21,495,42,24,706628104720,706628104292
2,648,21,852,35,24,706628104173,706628104599
2,649,21,855,35,24,706628105780,706628106205
2,650,21,852,35,24,706628106788,706628107213
2,651,21,844,35,24,706628108195,706628108626
3,644,21,485,42,24,706628111051,706628110430
2,653,21,1144,35,24,706628111511,706628111948
3,645,20,610,42,24,706628113061,706628112637
2,654,22,783,35,24,706628113219,706628113651
3,646,21,474,42,24,706628114968,706628114539
2,655,21,778,35,24,706628114727,706628115153
2,657,21,782,35,24,706628117141,706628117566
2,658,21,784,35,24,706628118549,706628118981
3,649,21,610,42,24,706628119991,706628119563
2,659,21,787,35,24,706628119957,706628120382
3,650,21,476,42,24,706628122000,706628121574
2,660,21,789,35,24,706628121664,706628122094
3,651,21,480,42,24,706628123107,706628122682
2,661,21,1158,35,24,706628123473,706628123911
3,652,21,483,42,24,706628125115,706628124689
2,662,21,1172,35,24,706628124780,706628125222
3,653,21,485,42,24,706628126122,706628125695
3,664,22,850,35,24,706628127495,706628127921
2,665,21,1205,35,24,706628129103,706628129543
2,666,21,1213,35,24,706628130110,706628130550
3,657,21,636,42,24,706628131753,706628131324
3,667,21,858,35,24,706628131818,706628132243
3,658,21,635,42,24,706628132960,706628132531
3,659,21,496,42,24,706628133967,706628133539
2,668,21,863,35,24,706628133626,706628134053
3,660,20,500,42,24,7066Rji6Xg\x2\xc0,706628134949
3,661,21,496,42,24,706628136382,706628135955
2,670,22,861,35,24,706628136541,706628136965
3,662,21,494,42,24,706628138290,706628137862
2,671,21,1213,35,24,706628138449,706628138887
2,672,21,850,35,24,706628139657,706628140085
3,664,22,495,42,24,706628140806,706628140381
2,673,21,1200,35,24,706628141565,706628142004
2,674,22,836,35,24,706628142872,706628143299
2,675,21,1197,35,24,706628144380,706628144814
3,670,21,627,42,24,w\xc\xf66\xfe\xac\xe7v\xa9!\x14\xd4,706628149422
3,671,21,494,42,24,706628151759,706628151332
2,680,21,852,35,24,706628152119,706628152547
2,681,21,1555,35,24,706628153426,706628153862
3,673,20,489,42,24,7066B;\x9f\x11\xd55\x8d\xaf,706628154744
3,674,21,492,42,24,706628156282,706628155853
3,675,21,627,42,24,706628157590,706628157163
3,676,21,494,42,24,706628158797,706628158367
2,685,21,1213,35,24,706628158656,706628159093
3,677,21,490,42,24,706628160705,706628160276
2,686,21,855,35,24,706628160464,706628160888
2,687,21,1188,35,24,706628162072,706628162509
3,679,21,755,42,24,706628163521,706628163097
2,688,22,819,35,24,706628163580,706628164005
3,680,22,476,42,24,706628165129,706628164698
3,681,21,609,41,24,706628166737,706628166307
2,690,22,1150,35,24,706628166195,706628166630
3,682,21,605,42,24,706628167944,706628167515
3,683,22,602,42,24,706628169051,706628168626
2,692,21,780,35,24,706628169111,706628169536
3,684,21,596,42,24,706628171059,706628170632
2,693,21,772,35,24,706628170518,706628170946
3,685,21,458,42,24,7066r\x9dq=d\xa2j+,706628171937
2,696,21,1083,35,24,706628174541,706628174976
3,688,21,588,42,24,706628176790,706628176360
3,689,21,456,42,24,706628178097,706628177669
2,698,21,761,35,24,706628177856,706628178279
3,690,22,451,42,24,706628179405,706628178979
2,699,21,761,35,24,706628179164,706628179594
3,691,22,452,42,24,706628180712,706628180282
2,700,21,1075,35,24,706628180872,706628181305
3,692,21,452,42,24,706628182520,706628182091
2,701,21,757,35,24,706628182179,706628182602
3,693,21,451,42,24,706628183627,706628183207
2,702,22,1077,35,24,706628183787,706628184224
3,694,21,587,42,24,706628185235,706628184812
3,695,21,581,42,24,706628186843,706628186220
2,704,22,741,35,24,706628187103,706628187530
2,705,22,988,35,24,706628188811,706628189234
2,706,21,983,35,24,706628189818,706628190247
3,698,21,425,42,24,706628191767,706628191334
2,707,21,966,35,24,706628191425,706628191848
3,699,21,425,42,24,706628192774,706628192346
2,708,21,715,35,24,706628192833,706628193257
3,700,21,556,42,24,706628194181,706628193749
2,709,21,955,35,24,706628194641,706628195067
3,701,21,420,42,24,706628195989,706628195563
2,710,21,947,35,24,706628195748,706628196177
2,711,22,933,35,24,706628197356,706628197781
2,712,21,916,35,24,706628199064,706628199489
3,704,22,411,42,24,706628200212,706628199781
2,713,22,913,35,24,706628200872,706628201301
3,706,21,414,42,24,706628203228,706628202604
2,715,21,692,35,24,706628203888,706628204312
2,716,22,690,35,24,706628205095,706628205520
3,708,21,408,42,24,706628206444,706628206016
2,717,21,690,35,24,706628206102,706628206531
2,718,22,900,35,24,706628207310,706628207739
3,710,20,538,42,24,706628209258,706628208831
2,719,21,891,35,24,706628209218,706628209644
3,711,21,405,42,24,706628210966,706628210534
2,722,21,678,35,24,706628212540,706628212966
3,714,21,537,42,24,706628215189,706628214571
2,724,21,682,35,24,706628215355,706628215777
3,715,21,537,41,24,706628216999,706628216571
2,725,21,875,35,24,706628217264,706628217691
3,716,21,405,42,24,706628218605,706628218175
2,726,20,680,35,24,706628218470,706628218896
2,727,21,883,35,24,706628220479,706628220902
2,728,21,685,35,24,706628221686,706628222108
3,719,21,410,41,24,706628223428,706628223001
2,729,21,888,35,24,706628223494,706628223922
3,720,21,410,41,24,706628224936,706628224507
3,721,21,409,41,24,70662\xd4\x12\x92\x6\xda\t7,706628225713
3,722,21,538,41,24,706628227651,706628227033
2,732,22,685,35,24,706628227917,706628228341
2,733,22,883,35,24,706628229325,706628229751
3,724,21,536,42,24,706628231167,706628230738
2,734,21,880,35,24,706628230632,706628231056
2,735,21,683,35,24,706628231740,706628232162
2,736,21,880,35,24,706628232947,706628233369
2,737,21,880,35,24,706628234154,706628234582
3,727,20,404,41,24,706628235890,706628235456
2,738,21,880,35,24,706628235662,706628236086
3,728,21,537,41,24,706628237698,706628237268
2,739,21,677,35,24,706628237370,706628237793
3,729,21,405,41,24,706628239006,706628238577
2,740,22,680,35,24,706628238878,706628239303
3,730,22,536,42,24,706628240813,706628240382
2,741,22,877,35,24,706628240385,706628240814
3,731,22,408,41,24,706628242121,706628241690
2,743,21,888,35,24,706628244001,706628244423
2,744,22,687,35,24,706628245009,706628245437
3,734,21,542,41,24,706628246344,706628245912
2,745,21,905,35,24,706628246116,706628246537
3,735,22,412,41,24,706628248352,706628247920
2,746,21,916,35,24,706628247924,706628248346
3,737,22,416,41,24,706628251868,706628251268
2,749,21,697,35,24,706628252147,706628252569
3,738,22,416,41,24,706628253876,706628253444
2,750,20,913,35,24,706628253654,706628254077
3,739,21,414,41,24,706628255284,706628254856
2,751,22,695,35,24,706628254761,706628255184
3,740,22,542,41,24,706628256892,706628256457
2,753,21,698,35,24,706628257977,706628258400
2,754,21,927,35,24,706628259185,706628259610
3,742,21,414,41,24,706628260708,706628260280
\x02C8\xc9WDD8V\xcce\xf3\x88\x1e\x8f\x84\xc2\x9c(\x89\xf;\xa0\x84\x94\xa4\x067\xaa2\xc5cq\x1f\xf4\x00,706628261583
2,756,22,961,35,24,706628262901,706628263323
2,758,21,728,35,24,706628265816,706628266239
3,746,21,562,41,24,706628267139,706628266706
2,759,22,729,35,24,706628267524,706628267951
3,747,21,427,41,24,706628268947,706628268514
2,760,22,725,35,24,706628268932,706628269352
2,761,22,720,35,24,706628270139,706628270561
3,749,21,552,41,24,706628271462,706628271033
2,762,22,718,35,24,706628271447,706628271867
2,763,21,715,35,24,706628272854,706628273281
3,751,21,421,41,24,706628274477,706628274044
3,752,21,418,41,24,706628275484,706628274884
2,765,22,988,35,24,706628275669,706628276090
3,753,21,552,41,24,706628277292,706628276859
2,766,21,1008,35,24,706628276877,706628277309
3,754,21,425,41,24,706628278800,706628278365
2,767,21,738,35,24,706628278384,706628278811
\xac\x96\xd15\xf9\xc0,\xaf\xd8U!\x1e2\xc2\x8\x8a\xd7J\xec\xd4\x9\r\x7j9\xe9\x11\x8\xf6\xe5J+\x19,706628280376
3,756,22,435,41,24,706628281815,706628281383
2,769,21,754,35,24,706628281900,706628282320
3,757,22,436,41,24,706628283423,706628282988
2,770,21,1083,35,24,706628283808,706628284098
3,759,22,444,41,24,706628286138,706628285706
2,771,21,1100,35,24,706628285817,706628286250
3,760,21,582,41,24,70662828X7\xfe3,706628287719
2,773,21,777,35,24,706628288632,706628289057
2,774,21,777,35,24,706628289839,706628290261
3,762,21,583,41,24,706628291462,706628291029
2,775,21,777,35,24,706628291747,706628292167
3,763,22,583,41,24,706628293270,706628292841
2,776,21,1122,35,24,706628293055,706628293487
3,764,22,447,41,24,706628294377,706628293942
3,765,22,580,41,24,706628295585,706628295152
3,766,21,444,41,24,706628296892,706628296458
2,778,22,768,35,24,706628296671,706628297094
3,768,22,574,41,24,706628300508,706628300074
3,769,20,576,41,24,706628301716,706628301282
2,781,20,777,35,24,706628301294,706628301714
2,782,21,1136,35,24,706628302502,706628302935
2,783,21,1505,35,24,706628304109,706628304543
3,771,21,590,41,24,706628305532,706628305098
2,784,21,1158,35,24,706628305317,706628305754
3,772,22,460,41,24,706628307040,706628306607
2,785,22,1169,35,24,706628307325,706628307761
3,773,21,467,41,24,706628309048,706628308620
2,786,21,1180,35,24,706628309133,706628309566
2,787,21,819,35,24,706628310856,706628310423
3,775,21,465,41,24,706628312664,706628312231
3,776,21,456,41,24,706628314372,706628313942
2,789,21,1158,35,24,706628314057,706628314487
3,777,21,588,41,24,706628315479,706628315045
2,790,21,1147,35,24,706628315264,706628315696
3,778,21,580,41,24,706628316987,706628316553
2,791,20,775,35,24,706628317172,706628317593
3,779,21,575,41,24,706628318595,706628318161
2,792,23,763,35,24,706628318980,706628319400
3,781,21,435,41,24,706628321210,706628320774
2,793,21,1086,35,24,706628320888,706628321324
3,782,21,565,41,24,706628322617,706628322187
2,794,21,762,35,24,706628322396,706628322817
3,783,22,569,41,24,706628324125,706628323691
2,795,21,1086,35,24,706628323704,706628324135
2,796,21,1100,35,24,70662835433,706628325003
3,785,21,438,41,24,706628327441,706628327005
2,798,20,1025,35,24,706628328327,706628328758
3,787,21,568,41,24,706628330256,706628329824
2,799,21,767,35,24,706628330135,706628330554
3,788,21,561,41,24,706628332164,706628331729
2,800,21,1080,35,24,706628332143,706628332579
3,789,22,428,41,24,706628333972,706628333537
2,802,21,1083,35,24,706628334758,706628335191
2,803,21,1061,35,24,706628336065,706628336496
2,804,21,757,35,24,706628337973,706628338396
2,806,21,761,35,24,706628341689,706628342109
3,796,21,424,41,24,706628345026,706628344590
2,808,21,757,35,24,706628345105,706628345527
2,809,21,1072,35,24,706628346213,706628346642
3,798,21,555,41,24,706628347842,706628347412
2,810,22,757,35,24,706628347422,706628347846
3,799,21,423,41,24,706628349750,706628349321
2,811,21,763,35,24,706628349428,706628349853
3,800,21,688,41,24,706628351558,706628351124
2,812,21,1094,35,24,706628351037,706628351467
3,801,22,562,41,24,706628352565,706628352135
2,813,21,781,35,24,706628353045,706628353467
3,802,21,440,41,24,706628354373,706628353936
3,803,22,441,41,24,706628355?8\x4,706628354945
2,815,21,825,35,24,706628357088,706628356654
3,805,21,457,41,24,706628358495,706628358065
2,816,22,833,35,24,706628358069,706628358489
3,806,22,457,41,24,706628360504,706628360069
3,807,21,583,41,24,706628361511,706628361076
2,818,21,798,35,24,706628361184,706628361610
3,809,22,428,41,24,706628364226,706628363795
2,820,21,1094,35,24,706628364300,706628364735
3,810,22,417,41,24,706628365733,706628365299
2,821,21,1066,35,24,706628365608,706628366039
3,812,21,541,41,24,706628368450,706628368017
2,823,22,748,35,24,706628367922,706628368342
3,813,22,409,41,24,706628369456,706628369025
2,825,22,755,35,24,706628371438,706628371857
2,826,22,1097,35,24,70662833678,706628373243
2,827,21,1130,35,24,706628374654,706628375087
2,828,21,1155,35,24,706628376162,706628376590
3,818,20,574,41,24,706628377595,706628377161
2,829,21,796,35,24,706628378170,706628378587
3,820,21,577,41,24,706628380410,706628379979
2,830,22,822,35,24,706628379979,706628380401
3,821,21,580,41,24,706628381417,706628380981
2,831,21,833,35,24,706628381185,706628381606
3,822,21,450,41,24,706628382625,706628382191
2,832,21,1197,35,24,706628382693,706628383124
3,823,21,587,41,24,706628384233,706628383798
2,833,21,1200,35,24,706628383901,706628384328
3,824,21,591,41,24,706628385740,706628385310
2,834,21,1208,35,24,706628385408,706628385842
3,825,21,455,41,24,706628387448,706628386839
2,836,21,841,35,24,706628387823,706628388240
2,837,21,1544,35,24,70662830963,706628389829
3,828,21,448,41,24,706628391471,706628391040
2,838,22,1183,35,24,706628390939,706628391370
3,829,22,447,41,24,706628393279,706628392841
2,839,22,1177,35,24,706628392847,706628393276
3,830,21,447,41,24,706628394987,706628394549
3,831,21,445,41,24,706628396395,706628395964
2,841,21,819,35,24,706628395862,706628396281
3,832,21,571,41,24,7066283982\x82,706628397764
3,844,21,778,35,24,706628400085,706628400504
3,835,21,415,41,24,70662r\x9c\x0\x8a\x7f\x11\x5,706628402093
3,836,22,531,41,24,706628403933,706628403495
2,846,21,1025,35,24,706628403701,706628404130
3,837,21,527,41,24,706628405441,706628405004
2,847,21,740,35,24,706628404908,706628405327
2,848,21,1372,35,24,70662840661,706628406816
3,839,21,400,41,24,706628409057,706628408619
2,849,21,741,35,24,706628408624,706628409043
3,840,21,532,41,24,706628410264,706628409829
2,850,21,743,35,24,706628409932,706628410350
3,841,21,527,41,24,706628411672,706628411234
3,842,22,494,41,24,706628412879,706628412446
\3,843,22,518,41,24\,7066q<\x1\x93\x7f\x81\x7,706628413452
3,844,21,640,41,24,706628415694,706628415260
2,853,21,963,35,24,706628415156,706628415576
3,845,21,508,41,24,706628416702,706628416265
2,854,21,952,35,24,706628416463,706628416880
3,846,21,502,41,24,706628417910,706628417475
3,848,21,508,41,24,706628420324,706628419887
2,858,21,994,35,24,706628422795,706628423212
3,851,21,396,41,24,706628425047,706628424610
3,860,21,1050,35,24,706628425610,706628426038
2,861,22,1075,35,24,706628426817,706628427246
2,862,21,1113,35,24,706628428725,706628429155
3,855,21,561,41,24,706628430577,706628430142
3,856,21,430,41,24,706628431785,706628431347
2,864,20,794,35,24,706628432041,706628432461
3,857,21,441,41,24,706628433693,706628433254
2,865,21,819,35,24,706628433448,706628433865
3,858,21,575,41,24,706628435301,706628434866
2,866,21,1172,35,24,706628435056,706628435487
3,859,21,438,41,24,706628437309,706628436872
2,867,22,795,35,24,706628436964,706628437385
2,868,21,795,35,24,706628438071,706628438489
3,861,21,568,41,24,706628440525,706628439902
3,862,22,431,41,24,706628441932,706628441494
2,870,21,795,35,24,706628441387,706628441804
2,871,21,1161,35,24,706628442995,706628443421
2,872,21,1158,35,24,706628444003,706628444428
3,865,21,567,41,24,706628446055,706628445620
3,866,21,432,41,24,706628447162,706628446723
3,867,21,562,41,24,706628448369,706628447745
2,875,21,1125,35,24,706628448726,706628449154
3,869,21,425,41,24,706628451084,706628450649
3,870,22,421,41,24,706628452292,706628451857
2,877,22,777,35,24,706628452642,706628453060
2,878,22,774,35,24,706628454550,706628454966
2,879,22,775,35,24,706628456158,706628456580
3,873,21,545,41,24,706628457616,706628457183
2,880,21,770,35,24,706628457666,706628458083
3,874,20,682,41,24,706628459524,706628459091
2,881,22,776,35,24,706628459674,706628460091
3,876,22,422,41,24,706628461738,706628461097
3,877,21,422,41,24,706628463446,706628462818
3,878,21,425,41,24,706628464453,706628464015
3,879,21,425,41,24,706628465761,706628465323
2,885,20,1130,35,24,706628465404,706628465830
3,880,21,425,41,24,706628467769,706628467336
2,886,22,1130,35,24,706628467212,706628467644
3,881,21,561,41,24,706628469477,706628469039
2,887,22,784,35,24,706628468920,706628469337
2,888,21,1141,35,24,706628469928,706628470354
2,889,22,791,35,24,706628471535,706628471952
3,884,21,434,41,24,706628473500,706628473066
3,885,21,434,41,24\xa7\xa8\xa5G\t2\xf1\xce\x19B20\x8d8\xd1,706628475070
2,892,21,795,35,24,706628476059,706628476278
3,887,21,564,41,24,706628478023,706628477585
2,893,22,794,34,24,706628477466,706628477886
3,888,21,435,41,24,706628479030,706628478595
3,889,21,565,41,24,706628480237,706628479600
2,895,21,794,35,24,706628480281,706628480698
2,896,22,1147,35,24,706628481689,706628482116
3,891,21,435,41,24,706628483553,706628483120
2,897,22,784,34,24,706628482996,706628483415
3,892,21,560,41,24,706628485361,706628484921
2,899,21,1133,34,24,706628486012,706628486440
2,900,21,783,34,24,706628487520,706628487935
3,894,21,427,41,24,706628488977,706628488540
2,901,23,782,34,24,706628489528,706628489948
3,895,21,556,41,24,706628490985,706628490544
3,896,22,423,41,24,706628492392,706628491955
2,905,22,780,35,24,706628494258,706628494677
2,906,22,782,35,24,706628496065,706628496276
3,900,20,427,41,24,706628497923,706628497486
2,907,21,1130,35,24,706628498073,706628498500
2,908,20,1125,35,24,70662849918,706628499394
\3,902,22,555,41,24\,Gz\xc4|\xce\n\xe5|\t\x8d#,706628501000
3,903,21,424,41,24,706628502446,706628502007
2,910,22,1125,35,24,706628502497,706628502924
3,904,21,423,41,24,706628504254,706628503813
3,905,21,556,41,24,\xd7(\xed\x90Z\xf8\x8eS$*\xac#,706628504820
3,906,21,687,41,24,706628506769,706628506145
2,913,21,782,35,24,706628507120,706628507538
3,907,21,427,41,24,706628508477,706628508042
2,914,22,1141,35,24,706628508728,706628509157
2,915,21,789,35,24,706628510736,706628511156
3,910,21,562,41,24,706628513000,706628512560
2,916,22,1147,35,24,706628512444,706628512870
3,911,21,565,41,24\xa7!\xad\xc5#\xa1<_\x00$\xc3\x148T,706628514466
2,918,22,1152,35,24,706628515360,706628515787
2,919,21,1150,35,24,706628517367,706628517793
2,920,21,791,35,24,706628518875,706628519290
3,914,22,431,41,24,706628520532,706628520095
2,922,21,791,35,24,706628521090,706628521508
3,915,20,564,41,24,706628522440,706628522006
2,923,21,1150,35,24,706628522898,706628523323
3,916,21,429,41,24,706628524448,706628524013
2,924,22,1497,35,24,706628524305,706628524731
3,917,22,567,41,24,706628526256,706628525816
2,925,23,787,35,25,706628526313,706628526730
3,918,21,429,41,24,706628527764,706628527330
2,926,21,1138,35,25,706628527521,706628527950
2,927,22,1127,35,25,70662852882,706628529033
2,929,22,1100,34,25,70662853124,706628531447
2,930,21,1097,35,25,706628532251,706628532678
2,931,22,1086,35,25,706628534259,706628534684
2,932,22,768,34,25,706628535366,706628535783
3,925,21,424,41,24,706628538718,706628538283
2,934,22,1100,35,25,706628538381,706628538812
2,935,22,1111,34,25,70662854008,706628540289
2,936,22,775,34,25,706628541797,706628541995
2,937,20,778,34,25,706628543004,706628543419
2,938,22,1116,34,25,706628544112,706628544542
3,929,22,558,41,24,706628546050,706628545613
2,939,22,780,34,25,706628545820,706628546234
3,930,23,562,41,24,706628547258,706628546819
2,940,22,776,34,25,706628547127,706628547541
3,931,21,428,41,24,706628548866,706628548428
3,932,21,562,41,24,706628550774,706628550333
2,942,22,1122,34,25,706628550343,706628550767
2,943,22,1127,34,25,706628551450,706628551874
3,934,21,434,41,24,7066\x2p9\xad0NG\x9e,706628553653
3,935,21,434,41,24,70662855\x5\x1f\x1\xff,706628555254
2,946,20,1141,34,25,706628555973,706628556396
2,947,23,784,34,25,706628557180,706628557597
3,937,21,572,41,24,706628558512,706628558071
2,948,22,1138,34,25,706628558388,706628558812
3,939,20,569,41,24,706628560827,706628560386
2,949,22,1138,34,25,706628560296,706628560726
3,940,21,436,41,24,706628562735,706628562295
2,950,22,1125,34,25,706628562305,706628562730
3,941,21,565,41,24,706628564343,706628563907
2,951,21,776,34,25,706628564113,706628564525
3,943,22,427,41,24,706628566558,706628565950
3,944,21,560,41,24,706628568065,706628567624
2,954,22,1113,34,25,706628568736,706628569160
3,946,21,436,41,24,706628570880,706628570443
2,955,22,784,34,25,706628570344,706628570759
2,956,21,788,34,25,706628571451,706628571867
2,957,22,1152,34,25,706628572658,706628573082
3,948,21,444,41,24,706628574096,706628573654
2,958,22,1158,34,25,706628574366,706628574790
3,949,22,447,41,24,706628576004,706628575568
3,950,22,444,41,24,706629=7w\xc2z\x08,706628576572
2,960,22,1161,34,25,706628577482,706628577905
2,961,22,792,34,25,706628578589,706628579002
3,953,22,1048,34,25,706628580197,706628580622
3,954,21,572,41,24,706628583242,706628582622
3,955,21,572,41,24,706628584550,706628584109
2,964,22,791,34,25,706628?84213,706628584632
3,956,21,438,41,24,706628585857,706628585416
2,965,22,1150,34,25,706628585921,706628586345
3,957,22,441,41,24,706628587765,706628587328
2,966,22,790,34,25,706628587429,706628587847
3,958,21,443,41,24,706628589173,706628588731
3,959,21,572,41,24,7066Bk\\\x99\xd0f\xc7\xaf,706628589736
3,960,22,572,41,24,706628591488,706628590868
2,969,21,1144,34,25,706628591853,706628592280
3,961,21,437,41,24,706628593296,706628592856
2,970,21,1138,34,25,706628593460,706628593883
3,962,21,436,41,24,706628595204,706628594764
3,963,21,564,41,24,706628596711,706628596271
2,972,22,783,34,25,706628596575,706628596989
3,966,22,431,41,24,706628600233,706628599793
2,974,22,1133,34,25,706628600091,706628600514
3,967,22,696,41,24,7166r\xfe\x9e\x3e\xf1\xcd#,706628601499
2,976,21,1141,34,25,706628602606,706628603040
2,977,22,1152,34,25,706628604514,706628604937
3,969,22,443,41,24,706628605857,706628605419
2,978,22,791,34,25,706628605621,706628606036
3,970,21,442,41,24,706628606965,706628606522
3,971,21,575,41,24,706628607972,706628607528
2,980,21,794,34,25,706628608537,706628608952
3,972,21,443,41,24,706628609880,706628609438
2,981,22,795,34,25,706628609544,706628609961
3,973,21,574,41,24,706628610987,706628610543
2,982,22,1155,34,25,706628610751,706628611174
3,974,21,574,41,24,706628612295,706628611851
3,975,21,437,41,24,706628613803,706628613362
3,976,22,1161,34,25,706628613767,706628614194
3,977,21,1150,34,25,706628614874,706628615301
2,986,22,1144,34,25,706628616682,706628617104
2,987,22,1147,34,25,706628617689,706628618112
3,979,21,438,41,24,706628619834,706628619396
3,980,21,438,41,24,706628621041,706628620598
2,989,22,791,34,25,706628620504,706628620922
3,981,21,572,41,24,7066\x2p6r\x02\x1e(\x12,706628622506
3,982,21,437,41,24,706628624156,706628623713
3,983,21,569,41,24,706628625364,706628624925
2,992,22,1150,34,25,706628625128,706628625554
3,984,20,5152,34,25,706628626235,706628626663
3,994,22,794,34,25,706628627743,706628628155
2,995,22,1150,34,25,706628629351,706628629773
3,987,21,437,41,24,706628631995,706628631375
2,997,23,792,34,25,706628632166,706628632578
3,988,21,570,41,24,706628633703,706628633261
2,998,23,1150,34,25,706628633473,706628633896
2,999,21,794,34,25,706628634480,706628634890
2,1000,22,1155,34,25,706628636289,706628636715
3,992,21,570,41,24,706628638933,706628638495
3,993,22,702,41,24,706628640140,706628639697
3,994,22,572,41,24,706628641248,706628640806
3,995,22,572,41,24,706628642455,706628642016
3,996,22,436,41,24,706628643863,706628643418
3,997,21,572,41,24,706628645671,706628645227
3,998,21,571,41,24,706628647078,706628646636
3,999,21,440,41,24,706628648186,706628647748
3,1000,20,572,41,24,706628649493,706628649060
